county,countyfp,lon,lat,ave_death_2004,smat_2004,ave_death_2005,smat_2005,ave_death_2006,smat_2006,ave_death_2007,smat_2007,ave_death_2008,smat_2008,ave_death_2009,smat_2009,ave_death_2010,smat_2010,ave_death_2011,smat_2011,ave_death_2012,smat_2012,ave_death_2013,smat_2013,ave_death_2014,smat_2014,ave_death_2015,smat_2015,ave_death_2016,smat_2016
Adair County,1,-85.28063158,37.10416698,6.95,0,8.95,0,8.95,0,8.95,0,10.95,0,10.95,0,12.95,0,12.95,0,14.95,1,14.95,1,16.95,1,16.95,1,18.95,0
Adams County,1,-83.47203007,38.84561491,12.95,0,14.95,0,14.95,0,16.95,0,16.95,0,18.95,0,20.95,0,20.95,0,22.95,0,24.95,0,24.95,1,26.95,2,28.95,2
Barbour County,1,-80.00301852,39.13295009,6.95,0,6.95,0,8.95,0,8.95,0,10.95,0,10.95,0,12.95,0,12.95,0,14.95,0,14.95,0,16.95,0,18.95,0,18.95,0
Allen County,3,-86.19041643,36.75124854,8.95,0,8.95,0,8.95,0,10.95,0,10.95,0,10.95,0,12.95,0,12.95,0,14.95,0,14.95,0,16.95,0,16.95,0,18.95,0
Allen County,3,-84.10579178,40.7715398,4.95,0,4.95,0,4.95,0,6.95,0,6.95,0,6.95,0,6.95,0,8.95,0,8.95,0,8.95,0,8.95,0,10.95,0,10.95,0
Berkeley County,3,-78.02751432,39.46406867,12.95,1,14.95,1,14.95,1,16.95,3,16.95,3,18.95,3,18.95,4,20.95,4,22.95,4,22.95,4,24.95,3,26.95,4,28.95,4
Anderson County,5,-84.99099219,38.00391588,8.95,0,8.95,0,10.95,0,10.95,0,12.95,0,12.95,0,14.95,0,14.95,0,16.95,0,18.95,0,20.95,0,20.95,0,22.95,0
Ashland County,5,-82.27068611,40.84601263,4.95,0,4.95,0,4.95,0,4.95,0,6.95,0,6.95,0,6.95,1,6.95,1,8.95,1,8.95,0,8.95,0,10.95,0,10.95,0
Boone County,5,-81.71120724,38.02298972,24.95,0,26.95,0,28.95,0,30,0,30,0,30,0,30,0,30,0,30,1,30,1,30,1,30,1,30,1
Ballard County,7,-80.74830211,41.70755354,6.95,0,6.95,0,8.95,0,8.95,0,10.95,0,12.95,0,12.95,0,14.95,0,16.95,0,18.95,0,18.95,0,20.95,0,22.95,0
Ashtabula County,7,-88.99925805,37.05848009,8.95,0,8.95,0,8.95,0,8.95,1,10.95,1,10.95,1,10.95,1,12.95,2,12.95,2,14.95,2,14.95,2,14.95,2,16.95,2
Braxton County,7,-80.71924905,38.69986197,6.95,0,6.95,0,8.95,0,8.95,0,10.95,0,10.95,0,12.95,0,12.95,0,14.95,0,14.95,1,16.95,1,18.95,0,18.95,0
Barren County,9,-82.04520574,39.33388841,6.95,0,6.95,0,6.95,0,6.95,0,8.95,0,8.95,0,8.95,0,8.95,0,10.95,0,10.95,0,12.95,0,12.95,0,12.95,0
Athens County,9,-85.93366463,36.96558432,10.95,0,10.95,0,10.95,0,12.95,1,12.95,0,14.95,0,14.95,0,14.95,0,16.95,0,16.95,0,18.95,1,20.95,1,20.95,1
Brooke County,9,-80.57645222,40.27386893,14.95,0,14.95,0,16.95,0,16.95,0,18.95,0,20.95,0,22.95,0,22.95,0,24.95,0,26.95,0,28.95,0,30,0,30,0
Bath County,11,-84.22172893,40.56091796,14.95,0,14.95,0,16.95,0,18.95,0,20.95,0,20.95,0,22.95,0,24.95,0,26.95,0,28.95,1,30,1,30,1,30,1
Auglaize County,11,-83.74267966,38.14495259,4.95,0,4.95,0,4.95,0,6.95,0,6.95,0,6.95,0,6.95,0,8.95,0,8.95,0,8.95,0,10.95,0,10.95,0,10.95,0
Cabell County,11,-82.2417122,38.42030603,20.95,0,20.95,1,22.95,1,24.95,2,26.95,2,26.95,3,28.95,3,30,2,30,2,30,2,30,4,30,4,30,4
Bell County,13,-83.67408169,36.73064727,26.95,0,28.95,0,30,0,30,0,30,0,30,0,30,0,30,0,30,0,30,0,30,0,30,0,30,0
Belmont County,13,-80.988485,40.01582732,6.95,0,8.95,0,8.95,0,8.95,0,10.95,0,10.95,0,10.95,0,12.95,0,12.95,0,14.95,0,14.95,0,14.95,0,16.95,0
Calhoun County,13,-81.11757813,38.84453263,6.95,0,6.95,0,6.95,0,8.95,0,8.95,0,10.95,0,12.95,0,12.95,0,14.95,0,16.95,0,18.95,0,18.95,0,20.95,0
Boone County,15,-84.7280137,38.96995659,10.95,0,10.95,0,10.95,0,12.95,1,12.95,0,14.95,0,14.95,0,14.95,0,16.95,0,16.95,0,18.95,0,20.95,0,20.95,1
Brown County,15,-83.86742632,38.93400719,14.95,0,14.95,0,16.95,0,16.95,0,18.95,0,20.95,0,20.95,0,22.95,0,24.95,0,26.95,1,26.95,1,28.95,1,30,1
Clay County,15,-81.0750742,38.46252311,8.95,0,10.95,0,10.95,0,12.95,0,12.95,0,14.95,0,16.95,0,18.95,0,18.95,0,20.95,0,22.95,0,24.95,0,26.95,0
Bourbon County,17,-84.21716421,38.20673845,10.95,0,10.95,0,10.95,0,12.95,0,12.95,0,14.95,1,14.95,1,16.95,1,16.95,1,18.95,1,18.95,1,20.95,0,22.95,0
Butler County,17,-84.5755717,39.43862674,10.95,0,12.95,0,12.95,0,12.95,3,14.95,3,14.95,4,16.95,4,16.95,6,18.95,5,18.95,6,20.95,5,22.95,5,22.95,6
Doddridge County,17,-80.70697215,39.26917466,6.95,0,6.95,0,8.95,0,8.95,0,10.95,0,10.95,0,12.95,0,14.95,0,14.95,0,16.95,0,18.95,0,20.95,0,22.95,0
Boyd County,19,-82.68777935,38.3595602,16.95,0,18.95,0,18.95,0,20.95,0,22.95,0,22.95,1,24.95,2,26.95,1,26.95,2,28.95,5,30,5,30,5,30,5
Carroll County,19,-81.08971693,40.57957773,6.95,0,6.95,0,6.95,0,8.95,0,8.95,0,8.95,0,10.95,0,10.95,0,12.95,0,12.95,0,14.95,0,14.95,0,16.95,0
Fayette County,19,-81.08115795,38.02877251,14.95,0,16.95,0,18.95,0,18.95,0,20.95,0,20.95,0,22.95,0,24.95,0,26.95,0,26.95,1,28.95,1,30,1,30,1
Boyle County,21,-84.86683897,37.62433612,8.95,0,10.95,0,10.95,0,10.95,0,12.95,0,12.95,0,14.95,0,14.95,1,14.95,1,16.95,1,18.95,2,18.95,0,20.95,2
Champaign County,21,-83.76949579,40.13767516,6.95,0,6.95,0,8.95,0,8.95,1,8.95,1,10.95,1,10.95,1,10.95,1,12.95,1,12.95,1,12.95,1,14.95,1,14.95,1
Gilmer County,21,-80.85706379,38.9240511,4.95,0,4.95,0,4.95,0,6.95,0,6.95,0,8.95,0,10.95,0,10.95,0,12.95,0,14.95,0,16.95,0,16.95,0,18.95,0
Bracken County,23,-84.09014346,38.68879674,4.95,0,4.95,0,6.95,0,6.95,0,8.95,0,8.95,0,10.95,0,12.95,0,12.95,0,14.95,0,16.95,0,18.95,0,20.95,1
Clark County,23,-83.78390756,39.91677672,12.95,0,12.95,0,14.95,0,14.95,3,16.95,3,16.95,3,18.95,1,18.95,3,20.95,4,20.95,4,22.95,3,24.95,3,24.95,3
Grant County,23,-79.19559528,39.10513554,2.95,0,4.95,0,4.95,0,4.95,0,6.95,0,6.95,0,6.95,0,8.95,0,8.95,0,10.95,0,12.95,0,12.95,0,14.95,0
Breathitt County,25,-83.32406119,37.52161582,22.95,0,24.95,0,26.95,0,28.95,1,30,2,30,2,30,0,30,0,30,0,30,1,30,0,30,0,30,0
Clermont County,25,-84.15183443,39.04748009,10.95,0,12.95,0,12.95,0,14.95,0,14.95,0,16.95,1,16.95,2,18.95,2,18.95,2,20.95,2,20.95,2,22.95,2,24.95,3
Greenbrier County,25,-80.45299,37.94695817,12.95,0,12.95,0,14.95,0,14.95,1,16.95,1,16.95,1,18.95,1,20.95,1,20.95,1,22.95,1,24.95,1,24.95,2,26.95,2
Breckinridge County,27,-86.42933787,37.77338912,8.95,0,8.95,0,8.95,0,10.95,0,10.95,0,12.95,0,12.95,0,14.95,0,14.95,0,16.95,0,16.95,0,18.95,0,18.95,0
Clinton County,27,-83.80836878,39.41498202,12.95,0,12.95,0,14.95,0,14.95,0,16.95,0,16.95,0,18.95,0,18.95,0,20.95,0,22.95,0,24.95,0,24.95,1,26.95,1
Hampshire County,27,-78.6141129,39.31707459,10.95,0,12.95,0,12.95,0,14.95,0,14.95,0,16.95,0,16.95,0,18.95,0,20.95,0,20.95,0,22.95,0,24.95,0,26.95,0
Bullitt County,29,-85.69585986,37.97007356,6.95,0,6.95,0,8.95,0,8.95,0,8.95,0,10.95,0,10.95,0,10.95,0,12.95,0,12.95,0,12.95,0,14.95,0,14.95,0
Columbiana County,29,-80.77719636,40.76842513,8.95,0,8.95,0,8.95,0,10.95,1,10.95,0,10.95,2,12.95,2,12.95,3,12.95,2,14.95,4,14.95,4,16.95,3,16.95,4
Hancock County,29,-80.5738998,40.52186151,14.95,0,16.95,0,16.95,0,18.95,0,20.95,0,20.95,0,22.95,0,24.95,0,24.95,0,26.95,0,28.95,0,30,0,30,2
Butler County,31,-86.68162677,37.20728384,8.95,0,8.95,0,10.95,0,10.95,0,12.95,0,12.95,0,14.95,0,16.95,0,16.95,0,18.95,1,20.95,0,22.95,0,22.95,0
Coshocton County,31,-81.92001732,40.30166177,4.95,0,4.95,0,4.95,0,6.95,0,6.95,0,6.95,0,6.95,0,8.95,0,8.95,0,8.95,0,10.95,0,10.95,0,10.95,0
Hardy County,31,-78.85794856,39.00753495,4.95,0,4.95,0,6.95,0,6.95,0,6.95,0,8.95,0,8.95,0,10.95,0,10.95,0,10.95,0,12.95,0,14.95,0,14.95,0
Caldwell County,33,-87.86786423,37.14540735,6.95,0,6.95,0,8.95,0,8.95,0,8.95,0,10.95,0,10.95,0,12.95,0,12.95,0,14.95,0,14.95,0,16.95,0,18.95,0
Crawford County,33,-82.91977713,40.85076916,8.95,0,10.95,0,10.95,0,10.95,0,12.95,0,12.95,0,14.95,0,14.95,0,14.95,0,16.95,0,16.95,0,18.95,0,20.95,0
Harrison County,33,-80.37985917,39.2835247,12.95,1,12.95,1,14.95,0,14.95,0,16.95,1,16.95,1,18.95,1,18.95,1,20.95,1,20.95,1,22.95,2,24.95,2,24.95,3
Calloway County,35,-88.27225541,36.62101262,6.95,0,6.95,0,6.95,0,8.95,0,8.95,0,8.95,0,8.95,0,10.95,0,10.95,0,10.95,0,12.95,0,12.95,0,14.95,0
Cuyahoga County,35,-81.6586482,41.42444123,10.95,3,10.95,3,10.95,4,12.95,12,12.95,13,12.95,14,14.95,15,14.95,14,16.95,11,16.95,10,18.95,10,18.95,11,20.95,18
Jackson County,35,-81.67479816,38.83446892,8.95,0,8.95,0,8.95,0,10.95,0,10.95,0,12.95,0,12.95,0,14.95,0,14.95,0,16.95,0,16.95,0,18.95,0,20.95,0
Campbell County,37,-84.37951598,38.94651337,16.95,0,18.95,0,20.95,0,20.95,0,22.95,0,22.95,0,24.95,0,26.95,0,28.95,1,30,1,30,1,30,1,30,1
Darke County,37,-84.6194024,40.13326856,8.95,0,8.95,0,8.95,0,10.95,0,10.95,0,10.95,0,12.95,0,12.95,0,14.95,0,14.95,0,16.95,0,16.95,0,18.95,0
Jefferson County,37,-77.86279698,39.30757773,10.95,0,10.95,0,12.95,0,12.95,0,14.95,0,14.95,0,16.95,0,16.95,0,18.95,0,20.95,0,20.95,0,22.95,1,24.95,1
Carlisle County,39,-88.97098112,36.8531999,2.95,0,4.95,0,4.95,0,4.95,0,6.95,0,6.95,0,8.95,0,8.95,0,10.95,0,12.95,0,14.95,0,16.95,0,18.95,0
Defiance County,39,-84.49047484,41.32391658,4.95,0,4.95,0,6.95,0,6.95,0,6.95,0,6.95,0,8.95,1,8.95,1,8.95,1,10.95,1,10.95,1,10.95,1,12.95,1
Kanawha County,39,-81.52809002,38.33655838,16.95,0,16.95,1,18.95,1,18.95,1,20.95,1,20.95,3,22.95,3,24.95,4,26.95,4,26.95,5,28.95,5,30,5,30,6
Carroll County,41,-85.12354683,38.66784979,12.95,0,14.95,0,14.95,0,16.95,0,18.95,0,18.95,0,20.95,0,22.95,0,22.95,1,24.95,1,26.95,2,28.95,1,30,0
Delaware County,41,-83.00487421,40.2783973,4.95,0,4.95,0,4.95,0,4.95,0,4.95,0,6.95,0,6.95,0,6.95,1,6.95,1,6.95,1,8.95,1,8.95,1,8.95,1
Lewis County,41,-80.50217356,38.99586594,6.95,0,6.95,0,6.95,0,8.95,0,8.95,0,8.95,0,10.95,0,10.95,0,12.95,0,12.95,0,14.95,0,14.95,0,16.95,0
Carter County,43,-83.04953683,38.318186,14.95,0,14.95,0,16.95,0,16.95,0,18.95,0,18.95,0,20.95,0,22.95,0,22.95,0,24.95,1,26.95,1,28.95,1,30,1
Erie County,43,-82.61966334,41.36466173,6.95,0,6.95,0,6.95,0,8.95,0,8.95,0,8.95,0,8.95,0,10.95,0,10.95,0,10.95,0,12.95,1,12.95,0,12.95,1
Lincoln County,43,-82.0703922,38.17534995,16.95,0,16.95,0,18.95,0,20.95,0,20.95,0,22.95,0,24.95,0,26.95,0,26.95,0,28.95,0,30,0,30,0,30,0
Casey County,45,-84.92833294,37.32230286,10.95,0,10.95,0,12.95,0,12.95,0,14.95,0,16.95,0,16.95,0,18.95,0,20.95,0,20.95,0,22.95,0,24.95,0,26.95,0
Fairfield County,45,-82.63057781,39.75163253,4.95,0,6.95,0,6.95,0,6.95,1,6.95,1,8.95,1,8.95,1,8.95,1,8.95,1,10.95,1,10.95,1,10.95,1,12.95,1
Logan County,45,-81.93533063,37.83153306,22.95,0,24.95,0,26.95,0,28.95,0,30,0,30,0,30,1,30,1,30,1,30,2,30,1,30,1,30,1
Christian County,47,-87.49045647,36.89417139,4.95,0,4.95,0,4.95,0,6.95,0,6.95,0,6.95,0,6.95,0,6.95,1,8.95,2,8.95,1,8.95,1,8.95,2,10.95,2
Fayette County,47,-83.45608722,39.55987567,8.95,0,8.95,0,8.95,0,10.95,0,10.95,0,12.95,0,12.95,0,12.95,0,14.95,0,14.95,0,16.95,0,16.95,0,18.95,1
McDowell County,47,-81.65360664,37.37845618,30,0,30,0,30,0,30,0,30,0,30,0,30,0,30,0,30,0,30,0,30,1,30,0,30,0
Clark County,49,-84.14741935,37.97082112,16.95,0,18.95,0,18.95,0,20.95,0,20.95,0,22.95,0,24.95,0,26.95,0,26.95,0,28.95,0,30,0,30,0,30,0
Franklin County,49,-83.00929599,39.96954223,8.95,1,10.95,1,10.95,1,10.95,6,12.95,5,12.95,5,14.95,4,14.95,5,14.95,6,16.95,8,16.95,10,18.95,8,18.95,12
Marion County,49,-80.24337704,39.50999295,8.95,0,8.95,0,8.95,0,8.95,0,10.95,0,10.95,0,10.95,0,12.95,0,12.95,0,14.95,0,14.95,0,16.95,1,16.95,1
Clay County,51,-83.71466116,37.15970857,18.95,0,20.95,0,22.95,0,22.95,0,24.95,0,26.95,0,28.95,0,30,0,30,0,30,0,30,0,30,0,30,0
Fulton County,51,-84.13008147,41.60181619,4.95,0,4.95,0,4.95,0,6.95,0,6.95,0,6.95,0,6.95,0,8.95,0,8.95,0,8.95,2,10.95,2,10.95,2,10.95,1
Marshall County,51,-80.66340336,39.86059471,8.95,0,10.95,0,10.95,0,10.95,0,12.95,0,12.95,0,14.95,0,14.95,0,16.95,0,16.95,1,18.95,1,18.95,0,20.95,1
Clinton County,53,-85.13617384,36.72744162,18.95,0,20.95,0,22.95,0,24.95,0,26.95,0,28.95,0,30,0,30,0,30,0,30,0,30,0,30,0,30,0
Gallia County,53,-82.31693055,38.82472879,10.95,0,12.95,0,12.95,0,12.95,0,14.95,0,14.95,0,16.95,0,16.95,0,18.95,0,20.95,0,20.95,0,22.95,0,24.95,0
Mason County,53,-82.02656338,38.76972107,14.95,0,16.95,0,16.95,0,18.95,0,18.95,0,20.95,0,20.95,0,22.95,0,24.95,1,26.95,1,26.95,1,28.95,1,30,0
Crittenden County,55,-88.09719619,37.35272358,12.95,0,12.95,0,14.95,0,14.95,0,16.95,0,16.95,0,18.95,0,18.95,0,20.95,0,22.95,0,22.95,0,24.95,0,26.95,0
Geauga County,55,-81.1786628,41.49952524,6.95,0,6.95,0,6.95,0,6.95,0,6.95,0,8.95,0,8.95,0,8.95,0,10.95,0,10.95,0,10.95,1,12.95,1,12.95,2
Mercer County,55,-81.11144178,37.40551582,24.95,0,26.95,0,26.95,0,28.95,1,30,0,30,0,30,0,30,0,30,0,30,1,30,1,30,2,30,2
Cumberland County,57,-85.38851218,36.78659786,14.95,0,16.95,0,18.95,0,18.95,0,20.95,0,22.95,0,24.95,0,26.95,0,28.95,0,30,0,30,0,30,0,30,0
Greene County,57,-83.88988996,39.69146417,10.95,0,12.95,0,12.95,0,12.95,2,14.95,1,14.95,1,16.95,2,16.95,3,18.95,3,18.95,2,20.95,4,20.95,4,22.95,4
Mineral County,57,-78.94382506,39.41465884,8.95,0,8.95,0,10.95,0,10.95,0,12.95,0,12.95,0,14.95,0,16.95,0,16.95,0,18.95,0,18.95,0,20.95,0,22.95,0
Daviess County,59,-87.08722925,37.73184808,8.95,0,8.95,0,8.95,0,10.95,0,10.95,0,10.95,0,12.95,0,12.95,0,12.95,1,14.95,1,14.95,1,16.95,0,16.95,1
Guernsey County,59,-81.49425575,40.05203354,6.95,0,8.95,0,8.95,0,8.95,0,10.95,0,10.95,0,10.95,0,12.95,0,12.95,0,12.95,0,14.95,0,14.95,0,16.95,1
Mingo County,59,-82.13463302,37.72645342,26.95,0,28.95,1,30,1,30,1,30,1,30,1,30,1,30,1,30,1,30,2,30,2,30,2,30,3
Edmonson County,61,-86.23842216,37.2087986,6.95,0,6.95,0,6.95,0,8.95,0,8.95,0,10.95,0,10.95,0,12.95,0,14.95,0,14.95,0,16.95,0,18.95,0,20.95,0
Hamilton County,61,-84.54277566,39.19553877,10.95,2,12.95,2,12.95,2,12.95,4,14.95,4,14.95,7,16.95,7,16.95,7,18.95,9,18.95,14,20.95,19,22.95,16,22.95,21
Monongalia County,61,-80.04655643,39.63032139,6.95,0,6.95,0,6.95,0,6.95,0,8.95,2,8.95,3,8.95,3,8.95,2,10.95,2,10.95,3,10.95,3,12.95,3,12.95,3
Elliott County,63,-83.09761714,38.11790315,12.95,0,14.95,0,14.95,0,16.95,0,18.95,0,18.95,0,20.95,0,22.95,0,24.95,0,26.95,1,28.95,1,30,1,30,1
Hancock County,63,-83.66653913,41.00192155,4.95,0,4.95,0,6.95,0,6.95,0,6.95,0,6.95,0,6.95,0,8.95,0,8.95,0,8.95,1,8.95,0,10.95,1,10.95,0
Monroe County,63,-80.55049863,37.56038407,12.95,0,14.95,0,16.95,0,16.95,0,18.95,0,20.95,0,22.95,0,24.95,0,26.95,0,28.95,0,30,0,30,0,30,1
Estill County,65,-83.96431192,37.69244321,16.95,0,16.95,0,18.95,0,20.95,0,22.95,0,22.95,0,24.95,0,26.95,0,28.95,0,30,0,30,0,30,0,30,0
Hardin County,65,-83.65942528,40.66151714,6.95,0,6.95,0,8.95,0,8.95,0,10.95,0,10.95,0,10.95,0,12.95,0,12.95,0,14.95,0,14.95,0,16.95,0,16.95,0
Morgan County,65,-78.25780102,39.56043939,12.95,0,14.95,0,14.95,0,16.95,0,16.95,0,18.95,0,20.95,0,20.95,0,22.95,0,24.95,0,26.95,0,26.95,0,28.95,1
Fayette County,67,-84.45871951,38.04231441,10.95,2,10.95,1,12.95,1,12.95,2,14.95,3,14.95,3,14.95,3,16.95,4,16.95,3,18.95,6,20.95,4,20.95,5,22.95,5
Harrison County,67,-81.09112403,40.29382556,2.95,0,4.95,0,4.95,0,4.95,0,6.95,0,6.95,0,8.95,0,8.95,0,8.95,0,10.95,0,12.95,0,12.95,0,14.95,0
Nicholas County,67,-80.79939463,38.2917028,10.95,0,12.95,0,12.95,0,14.95,1,14.95,1,16.95,1,16.95,1,18.95,1,20.95,1,22.95,1,22.95,1,24.95,1,26.95,1
Fleming County,69,-83.69664713,38.37012032,8.95,0,8.95,0,10.95,0,10.95,0,12.95,0,12.95,0,14.95,0,16.95,0,16.95,0,18.95,0,20.95,0,22.95,0,24.95,1
Henry County,69,-84.06822715,41.33387936,4.95,0,4.95,0,4.95,0,4.95,0,6.95,0,6.95,0,6.95,0,6.95,0,8.95,0,8.95,1,8.95,1,10.95,1,10.95,0
Ohio County,69,-80.61891674,40.09694859,8.95,0,10.95,1,10.95,1,10.95,1,12.95,1,12.95,1,12.95,1,14.95,1,14.95,2,16.95,2,16.95,2,18.95,2,18.95,2
Floyd County,71,-82.7457045,37.55711787,24.95,0,26.95,0,28.95,0,30,0,30,0,30,0,30,0,30,0,30,0,30,1,30,1,30,1,30,1
Highland County,71,-83.60098304,39.1847145,8.95,0,10.95,0,10.95,0,10.95,0,12.95,0,12.95,1,14.95,1,14.95,0,16.95,0,16.95,0,18.95,1,20.95,1,20.95,2
Pendleton County,71,-79.35089252,38.68074814,4.95,0,6.95,0,6.95,0,8.95,0,8.95,0,10.95,0,10.95,0,12.95,0,12.95,0,14.95,0,16.95,0,18.95,0,20.95,0
Franklin County,73,-84.87705176,38.23916779,6.95,0,8.95,0,8.95,0,8.95,0,10.95,0,10.95,0,10.95,0,12.95,0,12.95,1,12.95,1,14.95,2,14.95,1,16.95,1
Hocking County,73,-82.47925873,39.49706418,8.95,0,8.95,0,8.95,0,10.95,0,10.95,0,12.95,0,12.95,0,14.95,0,14.95,0,16.95,0,16.95,0,18.95,0,18.95,0
Pleasants County,73,-81.16060776,39.37095559,6.95,0,6.95,0,6.95,0,8.95,0,8.95,0,10.95,0,12.95,0,12.95,0,14.95,0,16.95,0,18.95,0,20.95,0,22.95,0
Fulton County,75,-89.18736097,36.55404248,4.95,0,4.95,0,6.95,0,6.95,0,8.95,0,8.95,0,10.95,0,10.95,0,12.95,0,14.95,0,14.95,0,16.95,0,18.95,0
Holmes County,75,-81.92934147,40.56120504,1,0,1,0,1,0,2.95,0,2.95,0,2.95,1,2.95,0,2.95,0,2.95,0,4.95,0,4.95,0,4.95,0,4.95,0
Pocahontas County,75,-80.00778603,38.33178326,12.95,0,14.95,0,16.95,0,16.95,0,18.95,0,20.95,1,22.95,1,24.95,1,26.95,1,28.95,1,30,1,30,1,30,1
Gallatin County,77,-84.85928444,38.7568447,14.95,0,16.95,0,16.95,0,18.95,0,20.95,0,22.95,0,24.95,0,24.95,0,26.95,0,28.95,0,30,0,30,0,30,0
Huron County,77,-82.59840619,41.14615235,6.95,0,6.95,0,8.95,0,8.95,0,8.95,0,8.95,0,10.95,0,10.95,0,10.95,0,12.95,0,12.95,0,14.95,0,14.95,1
Preston County,77,-79.6681617,39.46932608,6.95,0,6.95,0,6.95,0,8.95,0,8.95,0,8.95,0,10.95,0,10.95,0,12.95,0,12.95,0,14.95,0,14.95,0,16.95,0
Garrard County,79,-84.53766287,37.639598,8.95,0,10.95,0,10.95,0,12.95,0,12.95,0,12.95,0,14.95,0,14.95,0,16.95,0,18.95,0,18.95,0,20.95,0,22.95,0
Jackson County,79,-82.61841764,39.01965714,10.95,0,12.95,0,12.95,0,14.95,0,14.95,0,16.95,0,18.95,0,18.95,0,20.95,0,22.95,0,22.95,1,24.95,1,26.95,1
Putnam County,79,-81.90899011,38.50861726,8.95,0,10.95,0,10.95,0,10.95,0,12.95,0,12.95,0,14.95,0,14.95,1,16.95,1,16.95,1,18.95,0,18.95,0,20.95,0
Grant County,81,-84.62458411,38.64881355,14.95,0,16.95,0,18.95,0,18.95,0,20.95,0,20.95,0,22.95,0,24.95,0,24.95,0,26.95,0,28.95,0,30,0,30,0
Jefferson County,81,-80.76100271,40.38501292,14.95,0,14.95,0,16.95,0,16.95,0,18.95,1,18.95,1,20.95,1,22.95,2,22.95,2,24.95,2,26.95,2,28.95,1,28.95,2
Raleigh County,81,-81.24864941,37.77136461,20.95,0,20.95,0,22.95,1,24.95,1,24.95,1,26.95,1,28.95,1,30,1,30,2,30,2,30,2,30,2,30,2
Graves County,83,-88.65120016,36.72310326,6.95,0,6.95,0,8.95,0,8.95,0,8.95,0,10.95,0,10.95,0,10.95,0,12.95,0,12.95,0,12.95,0,14.95,0,14.95,0
Knox County,83,-82.42151397,40.39875979,6.95,0,6.95,0,6.95,0,6.95,0,8.95,0,8.95,0,8.95,0,10.95,0,10.95,0,10.95,0,12.95,0,12.95,0,12.95,0
Randolph County,83,-79.87579553,38.77472982,8.95,0,8.95,0,8.95,0,10.95,0,10.95,1,10.95,1,12.95,1,12.95,0,14.95,0,14.95,0,14.95,0,16.95,0,16.95,0
Grayson County,85,-86.34391206,37.46081297,14.95,0,14.95,0,16.95,0,16.95,0,18.95,0,18.95,0,20.95,0,22.95,0,22.95,0,24.95,0,26.95,0,28.95,0,30,0
Lake County,85,-81.23732524,41.69656187,8.95,0,8.95,0,8.95,0,10.95,3,10.95,2,10.95,2,12.95,2,12.95,3,12.95,2,14.95,2,14.95,4,16.95,4,16.95,6
Ritchie County,85,-81.06297843,39.17825851,4.95,0,4.95,0,4.95,0,6.95,0,6.95,0,6.95,0,8.95,0,8.95,0,10.95,0,10.95,0,12.95,0,14.95,0,14.95,0
Green County,87,-85.55312219,37.26403662,4.95,0,4.95,0,4.95,0,6.95,2,6.95,2,6.95,1,8.95,1,8.95,1,10.95,0,10.95,0,12.95,0,12.95,0,14.95,0
Lawrence County,87,-82.53677867,38.59841854,10.95,0,12.95,0,12.95,0,12.95,0,14.95,0,14.95,0,16.95,0,16.95,1,18.95,0,20.95,0,20.95,1,22.95,0,24.95,1
Roane County,87,-81.34835134,38.71401661,8.95,0,10.95,0,10.95,0,12.95,0,12.95,0,14.95,0,16.95,0,16.95,0,18.95,0,20.95,0,22.95,0,22.95,0,24.95,0
Greenup County,89,-82.92234734,38.5456931,14.95,0,14.95,0,16.95,0,16.95,0,18.95,0,18.95,0,20.95,0,20.95,0,22.95,0,24.95,0,26.95,1,26.95,1,28.95,1
Licking County,89,-82.48311894,40.09162092,6.95,0,8.95,0,8.95,0,8.95,1,10.95,1,10.95,1,10.95,0,12.95,1,12.95,1,12.95,1,14.95,1,14.95,1,16.95,1
Summers County,89,-80.85855935,37.65585592,18.95,0,20.95,0,22.95,0,24.95,0,26.95,0,28.95,0,30,0,30,0,30,0,30,1,30,1,30,0,30,1
Hancock County,91,-86.77790784,37.84148483,2.95,0,4.95,0,4.95,0,4.95,0,6.95,0,6.95,0,6.95,0,8.95,0,8.95,0,10.95,2,12.95,1,12.95,1,14.95,0
Logan County,91,-83.76584791,40.38846053,6.95,0,8.95,0,8.95,0,8.95,1,10.95,1,10.95,1,12.95,1,12.95,1,12.95,1,14.95,1,14.95,1,16.95,1,16.95,1
Taylor County,91,-80.04618788,39.33597895,6.95,0,6.95,0,6.95,0,6.95,0,8.95,0,8.95,0,10.95,0,10.95,0,12.95,0,12.95,0,14.95,0,14.95,0,16.95,1
Hardin County,93,-85.96344666,37.69796198,6.95,0,6.95,0,6.95,0,6.95,2,8.95,2,8.95,3,8.95,4,10.95,3,10.95,4,10.95,3,12.95,3,12.95,3,12.95,4
Lorain County,93,-82.15116137,41.29560159,6.95,0,8.95,0,8.95,0,8.95,1,8.95,0,10.95,1,10.95,1,10.95,0,12.95,1,12.95,1,14.95,2,14.95,2,14.95,4
Tucker County,93,-79.56498516,39.11359286,2.95,0,2.95,0,2.95,0,2.95,0,4.95,0,4.95,0,6.95,0,6.95,0,8.95,0,8.95,0,10.95,0,12.95,0,12.95,0
Harlan County,95,-83.21799376,36.85694555,18.95,0,20.95,0,22.95,0,24.95,0,24.95,0,26.95,0,28.95,0,30,0,30,0,30,0,30,0,30,0,30,0
Lucas County,95,-83.6565506,41.62054359,10.95,1,10.95,0,10.95,0,12.95,1,12.95,1,14.95,2,14.95,3,14.95,2,16.95,2,16.95,4,18.95,3,20.95,6,20.95,6
Tyler County,95,-80.88483729,39.46527621,4.95,0,4.95,0,6.95,0,6.95,0,8.95,0,8.95,0,10.95,0,10.95,0,12.95,0,12.95,0,14.95,0,16.95,0,16.95,0
Harrison County,97,-84.3313576,38.44182116,8.95,0,10.95,0,10.95,0,12.95,0,12.95,0,14.95,0,14.95,1,16.95,0,16.95,0,18.95,0,20.95,0,22.95,0,22.95,0
Madison County,97,-83.40020679,39.89402089,6.95,0,6.95,0,8.95,0,8.95,0,8.95,0,8.95,0,10.95,0,10.95,0,10.95,0,12.95,0,12.95,0,14.95,1,14.95,0
Upshur County,97,-80.23343941,38.89784351,4.95,0,4.95,0,6.95,0,6.95,0,6.95,1,8.95,1,8.95,1,8.95,0,10.95,0,10.95,0,10.95,0,12.95,0,12.95,0
Hart County,99,-85.88469063,37.29993034,6.95,0,6.95,0,8.95,0,8.95,1,10.95,0,10.95,0,12.95,0,12.95,0,14.95,0,14.95,0,16.95,0,18.95,0,18.95,0
Mahoning County,99,-80.77630982,41.0146454,10.95,1,10.95,1,12.95,1,12.95,2,12.95,3,14.95,2,14.95,2,16.95,2,16.95,2,18.95,2,18.95,4,20.95,5,22.95,6
Wayne County,99,-82.42696848,38.14600289,14.95,0,14.95,0,16.95,0,18.95,2,18.95,2,20.95,1,20.95,2,22.95,1,24.95,1,26.95,1,28.95,1,28.95,1,30,1
Henderson County,101,-87.57302654,37.7959585,6.95,0,6.95,0,8.95,0,8.95,0,8.95,0,10.95,0,10.95,0,10.95,0,12.95,0,12.95,1,12.95,0,14.95,0,14.95,0
Marion County,101,-83.16087288,40.58719008,8.95,0,8.95,0,10.95,0,10.95,0,10.95,0,12.95,0,12.95,0,12.95,0,14.95,1,14.95,1,16.95,1,16.95,1,18.95,1
Webster County,101,-80.42186522,38.49470592,16.95,0,18.95,0,18.95,0,20.95,0,22.95,0,24.95,1,24.95,1,26.95,1,28.95,1,30,1,30,0,30,1,30,1
Henry County,103,-85.11891595,38.44846646,6.95,0,6.95,0,8.95,0,8.95,0,8.95,0,10.95,0,10.95,0,12.95,0,12.95,0,12.95,0,14.95,0,14.95,0,16.95,0
Medina County,103,-81.89969251,41.11759545,4.95,0,4.95,0,6.95,0,6.95,0,6.95,1,6.95,0,6.95,1,8.95,1,8.95,1,8.95,1,10.95,1,10.95,1,10.95,1
Wetzel County,103,-80.63910908,39.60527756,6.95,0,8.95,0,8.95,0,8.95,0,10.95,0,10.95,0,10.95,0,12.95,0,12.95,1,14.95,2,14.95,2,16.95,1,16.95,1
Hickman County,105,-88.97614382,36.67813021,4.95,0,6.95,0,6.95,0,8.95,0,8.95,0,10.95,0,10.95,0,12.95,0,14.95,0,16.95,0,18.95,0,20.95,0,22.95,0
Meigs County,105,-82.02286629,39.08222618,8.95,0,8.95,0,8.95,0,10.95,0,10.95,0,12.95,0,12.95,0,14.95,0,14.95,0,16.95,0,16.95,0,18.95,0,20.95,0
Wirt County,105,-81.3786899,39.02244604,4.95,0,4.95,0,6.95,0,6.95,0,8.95,0,8.95,0,10.95,0,10.95,0,12.95,0,14.95,0,16.95,0,18.95,0,20.95,0
Hopkins County,107,-87.54083625,37.3088394,8.95,0,8.95,0,8.95,0,8.95,0,10.95,0,10.95,0,10.95,0,12.95,0,12.95,0,14.95,0,14.95,0,16.95,0,16.95,0
Mercer County,107,-84.62937246,40.53994714,2.95,0,2.95,0,4.95,0,4.95,0,4.95,0,4.95,0,4.95,0,4.95,0,6.95,0,6.95,0,6.95,0,6.95,0,8.95,0
Wood County,107,-81.51503291,39.21116519,8.95,1,8.95,1,10.95,1,10.95,2,10.95,2,12.95,2,12.95,2,12.95,2,14.95,2,14.95,3,16.95,3,16.95,1,18.95,3
Jackson County,109,-84.00575401,37.41976616,6.95,0,6.95,0,8.95,0,8.95,0,10.95,0,10.95,0,12.95,0,12.95,0,14.95,0,14.95,0,16.95,0,16.95,0,18.95,0
Miami County,109,-84.228847,40.05346404,8.95,0,8.95,0,10.95,0,10.95,0,10.95,0,12.95,0,12.95,0,12.95,0,14.95,0,14.95,0,16.95,1,16.95,1,18.95,1
Wyoming County,109,-81.5491925,37.60961061,30,0,30,0,30,0,30,0,30,0,30,0,30,0,30,0,30,0,30,0,30,0,30,0,30,0
Jefferson County,111,-85.65945821,38.18713294,10.95,2,10.95,2,12.95,3,12.95,5,14.95,4,14.95,2,16.95,3,16.95,4,18.95,5,18.95,3,20.95,6,20.95,11,22.95,10
Monroe County,111,-81.08292524,39.72735638,4.95,0,4.95,0,4.95,0,6.95,0,6.95,0,6.95,0,8.95,0,8.95,0,8.95,0,10.95,0,10.95,0,12.95,0,12.95,0
Jessamine County,113,-84.58093889,37.87203687,10.95,0,12.95,0,12.95,0,14.95,0,14.95,0,16.95,0,16.95,0,18.95,0,18.95,0,20.95,0,20.95,0,22.95,0,24.95,0
Montgomery County,113,-84.29067931,39.75457817,18.95,0,18.95,0,20.95,1,22.95,2,22.95,2,24.95,1,26.95,3,26.95,3,28.95,2,30,3,30,2,30,3,30,4
Johnson County,115,-82.83151938,37.8466422,20.95,0,22.95,0,22.95,0,24.95,1,26.95,1,28.95,1,30,1,30,1,30,1,30,0,30,0,30,0,30,0
Morgan County,115,-81.85267408,39.62037491,4.95,0,4.95,0,6.95,0,6.95,0,8.95,0,8.95,0,8.95,0,10.95,0,12.95,0,12.95,0,14.95,0,14.95,0,16.95,0
Kenton County,117,-84.53333664,38.93340262,16.95,0,18.95,0,18.95,0,20.95,0,22.95,0,22.95,0,24.95,0,26.95,0,28.95,1,28.95,1,30,2,30,2,30,3
Morrow County,117,-82.79407722,40.52407937,6.95,0,6.95,0,6.95,0,8.95,0,8.95,0,8.95,0,10.95,0,10.95,1,10.95,1,12.95,1,12.95,1,14.95,1,14.95,1
Knott County,119,-82.95414152,37.35404727,22.95,0,22.95,0,24.95,0,26.95,1,28.95,1,30,1,30,0,30,0,30,0,30,1,30,0,30,0,30,0
Muskingum County,119,-81.9443691,39.96544279,6.95,0,6.95,0,6.95,0,8.95,0,8.95,0,8.95,0,8.95,0,10.95,0,10.95,0,10.95,0,12.95,0,12.95,0,14.95,1
Knox County,121,-83.85404616,36.89064814,16.95,0,18.95,0,18.95,0,20.95,0,22.95,0,22.95,0,24.95,0,26.95,0,28.95,1,30,1,30,1,30,1,30,1
Noble County,121,-81.4555736,39.76594151,4.95,0,4.95,0,6.95,0,6.95,0,6.95,0,8.95,0,8.95,0,10.95,0,10.95,0,12.95,0,12.95,0,14.95,0,16.95,0
Larue County,123,-85.69793202,37.54579806,4.95,0,4.95,0,4.95,0,6.95,0,6.95,0,8.95,0,8.95,0,8.95,0,10.95,0,10.95,0,12.95,0,12.95,0,14.95,0
Ottawa County,123,-83.14004034,41.53771937,6.95,0,6.95,0,6.95,0,8.95,0,8.95,0,8.95,0,10.95,0,10.95,0,10.95,0,12.95,0,12.95,0,12.95,1,14.95,0
Laurel County,125,-84.11780195,37.11066961,12.95,0,12.95,0,12.95,0,14.95,0,14.95,0,16.95,0,16.95,0,18.95,1,18.95,0,20.95,1,22.95,0,22.95,0,24.95,0
Paulding County,125,-84.5802099,41.1166244,2.95,0,2.95,0,4.95,0,4.95,0,4.95,0,6.95,0,6.95,0,6.95,0,8.95,0,8.95,0,10.95,0,10.95,0,12.95,0
Lawrence County,127,-82.73473525,38.06786993,14.95,0,16.95,0,16.95,0,18.95,0,20.95,0,22.95,0,22.95,0,24.95,0,26.95,0,28.95,1,30,2,30,1,30,3
Perry County,127,-82.23613161,39.73714916,6.95,0,6.95,0,6.95,0,6.95,0,8.95,0,8.95,0,8.95,0,10.95,0,10.95,0,10.95,0,12.95,0,12.95,0,14.95,1
Lee County,129,-83.71619414,37.59480843,16.95,0,16.95,0,18.95,0,20.95,1,22.95,1,24.95,1,26.95,0,28.95,0,30,0,30,1,30,0,30,0,30,0
Pickaway County,129,-83.02439505,39.64192955,8.95,0,8.95,0,8.95,0,8.95,0,10.95,0,10.95,0,10.95,0,12.95,0,12.95,0,14.95,0,14.95,0,14.95,1,16.95,1
Leslie County,131,-83.38113905,37.09406143,20.95,0,22.95,0,24.95,0,26.95,1,28.95,1,30,1,30,0,30,0,30,0,30,1,30,0,30,0,30,0
Pike County,131,-83.06676554,39.07731946,10.95,0,12.95,0,12.95,0,12.95,0,14.95,0,14.95,0,16.95,0,16.95,0,18.95,0,18.95,0,20.95,1,22.95,1,22.95,1
Letcher County,133,-82.85531279,37.12117486,14.95,0,16.95,0,18.95,0,18.95,1,20.95,1,20.95,1,22.95,0,24.95,0,26.95,0,28.95,1,28.95,0,30,0,30,0
Portage County,133,-81.19740492,41.16767529,6.95,0,6.95,0,6.95,0,8.95,0,8.95,0,8.95,0,8.95,0,10.95,0,10.95,0,10.95,0,12.95,0,12.95,0,12.95,0
Lewis County,135,-83.3780696,38.5315862,8.95,0,10.95,0,10.95,0,12.95,0,12.95,0,14.95,0,14.95,0,16.95,0,18.95,0,18.95,0,20.95,0,22.95,0,24.95,1
Preble County,135,-84.64797979,39.74152619,8.95,0,10.95,0,10.95,0,10.95,0,12.95,0,12.95,0,14.95,0,14.95,0,14.95,0,16.95,0,18.95,0,18.95,0,20.95,0
Lincoln County,137,-84.66081081,37.45535068,10.95,0,10.95,0,12.95,0,12.95,0,14.95,0,14.95,0,16.95,0,16.95,0,18.95,0,18.95,0,20.95,0,22.95,0,24.95,0
Putnam County,137,-84.13172734,41.02212145,2.95,0,2.95,0,2.95,0,2.95,0,2.95,0,4.95,0,4.95,0,4.95,1,4.95,0,4.95,0,6.95,0,6.95,1,6.95,1
Livingston County,139,-88.35372201,37.20962607,10.95,0,12.95,0,12.95,0,14.95,0,16.95,0,16.95,0,18.95,0,20.95,0,22.95,0,22.95,0,24.95,0,26.95,0,28.95,0
Richland County,139,-82.53649617,40.77465634,8.95,0,8.95,0,8.95,0,10.95,0,10.95,0,10.95,0,12.95,0,12.95,1,14.95,0,14.95,0,14.95,1,16.95,2,16.95,1
Logan County,141,-86.87891921,36.85968525,6.95,0,8.95,0,8.95,0,8.95,0,8.95,0,10.95,0,10.95,0,10.95,0,12.95,0,12.95,1,12.95,1,14.95,0,14.95,0
Ross County,141,-83.05702276,39.33759368,12.95,0,12.95,0,14.95,0,14.95,0,16.95,0,16.95,0,18.95,1,18.95,1,20.95,1,22.95,1,22.95,2,24.95,2,26.95,2
Lyon County,143,-88.0831602,37.0191007,4.95,0,4.95,0,6.95,0,6.95,0,8.95,0,8.95,0,10.95,0,10.95,0,12.95,0,12.95,0,14.95,0,14.95,0,16.95,0
Sandusky County,143,-83.14544448,41.35679867,6.95,0,6.95,0,6.95,0,8.95,0,8.95,0,8.95,0,8.95,0,10.95,0,10.95,0,10.95,1,12.95,0,12.95,0,14.95,1
McCracken County,145,-88.71265373,37.05395825,10.95,1,10.95,1,10.95,1,12.95,1,12.95,1,12.95,1,14.95,1,14.95,1,16.95,2,16.95,1,18.95,1,18.95,0,20.95,1
Scioto County,145,-82.99282759,38.80399918,16.95,0,16.95,0,18.95,0,18.95,0,20.95,1,22.95,1,22.95,2,24.95,1,26.95,1,28.95,0,28.95,1,30,1,30,1
McCreary County,147,-84.48422142,36.73712142,8.95,0,8.95,0,10.95,0,10.95,0,12.95,0,12.95,0,14.95,0,16.95,0,16.95,0,18.95,0,20.95,0,20.95,0,22.95,0
Seneca County,147,-83.1276608,41.12385987,4.95,0,4.95,0,4.95,0,4.95,0,6.95,0,6.95,0,6.95,0,6.95,0,6.95,0,8.95,0,8.95,1,8.95,0,8.95,2
McLean County,149,-87.26361089,37.52919281,6.95,0,8.95,0,8.95,0,10.95,0,10.95,0,12.95,0,14.95,0,14.95,0,16.95,0,18.95,0,20.95,0,22.95,0,24.95,0
Shelby County,149,-84.20474789,40.33155396,6.95,0,6.95,0,8.95,0,8.95,0,8.95,0,10.95,0,10.95,0,10.95,0,12.95,0,12.95,0,12.95,0,14.95,1,14.95,1
Madison County,151,-84.27800349,37.72018149,8.95,0,10.95,0,10.95,0,10.95,0,12.95,0,12.95,0,14.95,0,14.95,0,16.95,0,16.95,0,18.95,0,18.95,0,20.95,0
Stark County,151,-81.36562811,40.81388294,6.95,1,6.95,2,6.95,1,6.95,2,8.95,2,8.95,2,8.95,1,10.95,1,10.95,2,10.95,1,10.95,3,12.95,4,12.95,3
Magoffin County,153,-83.06492351,37.70647085,16.95,0,18.95,0,20.95,0,20.95,0,22.95,0,24.95,0,26.95,0,28.95,0,30,0,30,0,30,0,30,0,30,0
Summit County,153,-81.53216654,41.12597576,8.95,1,10.95,1,10.95,1,10.95,3,12.95,4,12.95,4,12.95,4,14.95,3,14.95,3,16.95,7,16.95,7,18.95,7,18.95,8
Marion County,155,-85.26963763,37.55253528,6.95,0,6.95,0,8.95,0,8.95,0,10.95,0,10.95,0,10.95,0,12.95,0,12.95,0,14.95,1,16.95,1,16.95,1,18.95,1
Trumbull County,155,-80.76113768,41.31718821,14.95,0,14.95,0,16.95,0,16.95,0,18.95,0,18.95,0,20.95,0,20.95,0,22.95,0,24.95,0,26.95,1,26.95,1,28.95,1
Marshall County,157,-88.32935154,36.88341592,12.95,0,12.95,0,14.95,0,14.95,0,16.95,0,16.95,0,18.95,0,18.95,0,20.95,0,22.95,0,22.95,0,24.95,0,26.95,0
Tuscarawas County,157,-81.47375672,40.44094146,2.95,0,4.95,0,4.95,0,4.95,0,4.95,0,4.95,0,4.95,0,4.95,0,6.95,0,6.95,0,6.95,0,6.95,0,6.95,0
Martin County,159,-82.51317994,37.80160112,18.95,0,20.95,0,22.95,0,24.95,0,24.95,0,26.95,0,28.95,0,30,0,30,0,30,0,30,0,30,0,30,1
Union County,159,-83.37156686,40.2994107,4.95,0,6.95,0,6.95,0,6.95,1,6.95,1,6.95,1,8.95,1,8.95,1,8.95,1,10.95,0,10.95,0,10.95,0,12.95,0
Mason County,161,-83.82408711,38.59518641,8.95,0,8.95,0,10.95,0,10.95,0,12.95,0,12.95,0,12.95,0,14.95,0,14.95,0,16.95,0,18.95,0,18.95,0,20.95,1
Van Wert County,161,-84.58611594,40.85540739,4.95,0,4.95,0,6.95,0,6.95,0,6.95,0,6.95,0,8.95,0,8.95,0,8.95,0,10.95,0,10.95,0,10.95,0,12.95,0
Meade County,163,-86.21695246,37.9696231,4.95,0,4.95,0,6.95,0,6.95,0,6.95,0,8.95,0,8.95,0,8.95,0,10.95,0,10.95,0,10.95,0,12.95,0,12.95,0
Vinton County,163,-82.48534324,39.2509732,12.95,0,12.95,0,14.95,0,16.95,0,16.95,0,18.95,0,20.95,0,20.95,0,22.95,0,24.95,0,26.95,0,28.95,0,28.95,0
Menifee County,165,-83.59886401,37.94138806,8.95,0,10.95,0,10.95,0,12.95,0,14.95,0,16.95,0,18.95,0,20.95,0,22.95,0,24.95,1,28.95,1,30,1,30,1
Warren County,165,-84.16676632,39.42756191,8.95,0,8.95,0,8.95,0,8.95,0,10.95,0,10.95,0,10.95,0,12.95,0,12.95,0,12.95,0,14.95,0,14.95,3,16.95,4
Mercer County,167,-84.87446264,37.811033,12.95,0,12.95,0,12.95,0,14.95,0,14.95,0,16.95,0,16.95,0,18.95,0,20.95,0,20.95,0,22.95,0,24.95,0,26.95,0
Washington County,167,-81.49528545,39.45531523,8.95,0,8.95,0,8.95,0,8.95,1,10.95,1,10.95,0,10.95,0,12.95,0,12.95,0,14.95,1,14.95,1,14.95,1,16.95,1
Metcalfe County,169,-85.62922746,36.99053095,4.95,0,4.95,0,6.95,0,6.95,1,8.95,0,8.95,0,10.95,0,10.95,0,12.95,0,14.95,0,16.95,0,16.95,0,18.95,0
Wayne County,169,-81.88803479,40.82887858,4.95,0,4.95,0,4.95,0,4.95,1,4.95,0,6.95,0,6.95,0,6.95,0,6.95,0,6.95,1,8.95,1,8.95,2,8.95,2
Monroe County,171,-85.71648015,36.71215468,10.95,0,12.95,0,12.95,0,14.95,0,14.95,0,16.95,0,18.95,0,18.95,0,20.95,0,22.95,0,24.95,0,26.95,0,28.95,0
Williams County,171,-84.58815808,41.56031515,2.95,0,4.95,0,4.95,0,4.95,0,4.95,0,4.95,0,6.95,0,6.95,0,6.95,0,6.95,1,8.95,1,8.95,1,8.95,0
Montgomery County,173,-83.91315627,38.03352618,10.95,0,10.95,0,10.95,0,12.95,0,12.95,0,12.95,0,14.95,0,14.95,0,16.95,0,18.95,1,18.95,1,20.95,1,20.95,1
Wood County,173,-83.62300003,41.36168079,4.95,0,4.95,0,4.95,0,4.95,0,4.95,0,6.95,0,6.95,0,6.95,0,6.95,0,8.95,0,8.95,1,8.95,2,8.95,2
Morgan County,175,-83.25888262,37.9222882,6.95,0,6.95,0,8.95,0,8.95,0,10.95,0,10.95,0,12.95,0,12.95,0,14.95,0,14.95,1,16.95,1,18.95,1,18.95,1
Wyandot County,175,-83.30437602,40.84237983,2.95,0,4.95,0,4.95,0,4.95,0,4.95,0,6.95,0,6.95,0,6.95,0,6.95,0,8.95,0,8.95,0,8.95,0,10.95,0
Muhlenberg County,177,-87.14203267,37.21579072,10.95,0,12.95,0,12.95,0,12.95,0,14.95,0,14.95,0,16.95,0,16.95,0,18.95,0,18.95,0,20.95,0,22.95,0,22.95,0
Nelson County,179,-85.46595811,37.80515377,6.95,0,6.95,0,8.95,0,8.95,0,8.95,0,8.95,0,10.95,0,10.95,0,10.95,0,12.95,1,12.95,1,14.95,1,14.95,1
Nicholas County,181,-84.01529521,38.33555378,8.95,0,10.95,0,10.95,0,12.95,0,14.95,0,14.95,0,16.95,0,18.95,0,20.95,0,22.95,0,24.95,0,26.95,0,28.95,0
Ohio County,183,-86.84887794,37.47818644,8.95,0,10.95,0,10.95,0,10.95,0,12.95,0,12.95,0,14.95,0,14.95,0,16.95,0,16.95,0,18.95,0,18.95,0,20.95,0
Oldham County,185,-85.44853685,38.39947922,4.95,0,4.95,0,6.95,0,6.95,0,6.95,0,6.95,0,8.95,0,8.95,0,8.95,0,8.95,0,10.95,0,10.95,0,10.95,1
Owen County,187,-84.82810485,38.51966342,10.95,0,10.95,0,12.95,0,12.95,0,14.95,0,16.95,0,16.95,0,18.95,0,20.95,0,22.95,0,22.95,0,24.95,0,26.95,0
Owsley County,189,-83.68310268,37.4192096,16.95,0,18.95,0,20.95,0,22.95,0,26.95,0,28.95,0,30,0,30,0,30,0,30,0,30,0,30,0,30,0
Pendleton County,191,-84.3602534,38.69563903,10.95,0,10.95,0,12.95,0,12.95,0,14.95,0,14.95,0,16.95,0,18.95,0,18.95,0,20.95,0,22.95,0,24.95,1,26.95,1
Perry County,193,-83.2214763,37.24430244,26.95,1,28.95,0,28.95,0,30,3,30,2,30,3,30,1,30,1,30,1,30,2,30,2,30,1,30,1
Pike County,195,-82.395771,37.46910368,20.95,0,22.95,0,24.95,0,24.95,0,26.95,0,28.95,2,30,2,30,2,30,2,30,1,30,1,30,1,30,1
Powell County,197,-83.82373089,37.83112549,26.95,0,30,0,30,0,30,0,30,0,30,0,30,0,30,0,30,0,30,0,30,0,30,0,30,0
Pulaski County,199,-84.57725002,37.10386539,10.95,0,12.95,0,12.95,0,12.95,0,14.95,0,14.95,0,16.95,0,16.95,0,18.95,0,18.95,0,20.95,0,22.95,0,22.95,1
Robertson County,201,-84.05203831,38.51882029,4.95,0,4.95,0,6.95,0,6.95,0,8.95,0,10.95,0,10.95,0,12.95,0,16.95,0,18.95,0,20.95,0,24.95,0,28.95,0
Rockcastle County,203,-84.31601086,37.36505458,12.95,0,14.95,0,16.95,0,16.95,0,18.95,0,18.95,0,20.95,0,22.95,0,24.95,0,24.95,0,26.95,0,28.95,0,30,0
Rowan County,205,-83.42110432,38.19625606,10.95,1,12.95,0,12.95,1,14.95,0,14.95,0,16.95,0,16.95,0,18.95,0,18.95,1,20.95,2,22.95,2,22.95,2,24.95,1
Russell County,207,-85.05865143,36.99109064,16.95,0,16.95,0,18.95,0,20.95,0,20.95,0,22.95,0,24.95,0,26.95,0,28.95,0,30,0,30,0,30,0,30,0
Scott County,209,-84.58391472,38.2915539,6.95,0,6.95,0,8.95,0,8.95,0,8.95,0,8.95,0,10.95,0,10.95,0,10.95,0,12.95,1,12.95,0,14.95,0,14.95,0
Shelby County,211,-85.19477597,38.21545008,2.95,0,4.95,0,4.95,0,4.95,0,4.95,0,4.95,0,4.95,0,6.95,0,6.95,0,6.95,0,6.95,0,8.95,0,8.95,0
Simpson County,213,-86.58224158,36.7419496,6.95,0,8.95,0,8.95,0,8.95,0,10.95,0,10.95,0,12.95,0,12.95,0,12.95,0,14.95,0,14.95,0,16.95,0,16.95,0
Spencer County,215,-85.32783081,38.03252106,4.95,0,4.95,0,6.95,0,6.95,0,6.95,0,8.95,0,8.95,0,10.95,0,10.95,0,12.95,0,12.95,0,14.95,0,14.95,0
Taylor County,217,-85.32793796,37.36646961,12.95,0,12.95,0,14.95,0,14.95,0,16.95,0,16.95,0,18.95,0,18.95,0,20.95,0,20.95,0,22.95,0,24.95,0,26.95,0
Todd County,219,-87.17923752,36.83567879,4.95,0,6.95,0,6.95,0,8.95,0,8.95,0,8.95,0,10.95,0,10.95,0,12.95,0,14.95,0,14.95,0,16.95,0,16.95,0
Trigg County,221,-87.87335277,36.80635865,6.95,0,6.95,0,6.95,0,8.95,0,8.95,0,8.95,0,10.95,0,10.95,0,12.95,0,12.95,0,14.95,0,14.95,0,16.95,0
Trimble County,223,-85.33748626,38.61302927,4.95,0,6.95,0,6.95,0,8.95,0,8.95,0,10.95,0,10.95,0,12.95,0,14.95,0,14.95,0,16.95,0,18.95,0,20.95,0
Union County,225,-87.94534248,37.65845923,14.95,0,14.95,0,16.95,0,16.95,0,18.95,0,18.95,0,20.95,0,22.95,0,22.95,0,24.95,1,26.95,0,28.95,0,30,0
Warren County,227,-86.42380696,36.99357343,6.95,1,6.95,1,6.95,0,6.95,0,8.95,0,8.95,0,8.95,0,8.95,0,10.95,1,10.95,1,10.95,2,12.95,1,12.95,1
Washington County,229,-85.17477414,37.75337421,4.95,0,4.95,0,6.95,0,6.95,0,6.95,0,8.95,0,8.95,0,10.95,0,10.95,0,12.95,0,12.95,0,14.95,1,14.95,2
Wayne County,231,-84.82862292,36.80127866,8.95,0,8.95,0,10.95,0,10.95,0,10.95,1,12.95,0,12.95,0,14.95,0,14.95,0,16.95,0,16.95,0,18.95,0,20.95,0
Webster County,233,-87.68315851,37.51844326,6.95,0,8.95,0,8.95,0,8.95,0,10.95,0,10.95,0,12.95,0,14.95,0,14.95,0,16.95,1,16.95,0,18.95,0,20.95,0
Whitley County,235,-84.14518201,36.75809067,18.95,1,20.95,1,20.95,1,22.95,2,24.95,2,24.95,2,26.95,2,28.95,1,30,1,30,1,30,0,30,1,30,2
Wolfe County,237,-83.49315933,37.73931845,24.95,0,26.95,0,28.95,0,30,1,30,1,30,1,30,0,30,0,30,0,30,1,30,0,30,0,30,0
Woodford County,239,-84.74358319,38.04238003,10.95,0,10.95,0,10.95,0,12.95,0,12.95,0,14.95,0,14.95,0,16.95,0,16.95,0,18.95,0,18.95,0,20.95,0,22.95,0
